What are the most required jobs in Ontario?,most_required_jobs
What are the top career options in Ontario?,most_required_jobs
Is there a list of highly demanded jobs in Ontario?,most_required_jobs
How do I ensure my new career is required in Ontario,most_required_jobs
Can you mention the top priority jobs in Onatario?,most_required_jobs
What are the jobs with high chance of hiring in Ontario?,most_required_jobs
What is the future projection of Ontario Job Market?,most_required_jobs
I'm considering switching careers. What Jobs should I consider in Ontario?,most_required_jobs
What kind of careers can I train for through Second Career?,most_required_jobs
Where should I focus my skills over the next X years to get a job in Ontario?,most_required_jobs
What skills sets are targeted or specifics are required to acquire approved second career funding?,most_required_jobs
I have a History degree and I'd like to change careers. What are my career options in Ontario?,most_required_jobs
What is the Canada-Ontario Job Grant?,canada_ont_job_grant
I heard about Canada Ontario Job Grant. What is it?,canada_ont_job_grant
There's some government initiative called COJG. Does it help me improve me find a better job?,canada_ont_job_grant
Is COJG useful for learning new skills?,canada_ont_job_grant
Does COJG provide financial aid to employers?,canada_ont_job_grant
I run an IT company with 30 employees in Toronto. Can I apply for COJG to train my staff?,canada_ont_job_grant
Is there government fidning available to train my existing employees on new skills?,canada_ont_job_grant
What kind of training will be covered by the Canada-Ontario Job grant?,cojg_training
What types of training are included in the Canada-Ontario Job Grant?,cojg_training
What training is included/excluded in the Canada-Ontario Job Grant?,cojg_training
What types of training are included in the COJG?,cojg_training
What training is included/excluded in the COJG?,cojg_training
Is any sort of training applicable to COJG?,cojg_training
How much funding is an employer eligible to receive through COJG?,cojg_funding
What's the percentage of funding COJG cover?,cojg_funding
What's the maximum funding I can get from COJG?,cojg_funding
How can I apply for a Cana-Ontario Job Grant?,cojg_apply
How can I apply for a COJG?,cojg_apply
What is the process to apply for COJG fund?,cojg_apply
How do I start COJG application?,cojg_apply
Where can I apply for COJG?,cojg_apply
How can I apply for a Job Grant?,cojg_apply
What kind of role do employers have in the Canada-Ontario Job Grant?,cojg_employer_role
What is required from employers to apply for COJG?,cojg_employer_role
I'm an employer and I want to apply for COJG. What's expected from me?,cojg_employer_role
Is there any specific roles employers should provide for the COJG?,cojg_employer_role
What is the required contribution an employer must make to be eligible for funding?,cojg_employer_role
Which employers are eligible for the Canada-Ontario Job Grant?,cojg_employer_eligibiliity
I own a translation office in Markham. Am I qualified for the COJG?,cojg_employer_eligibiliity
What are the employer prerequisites to benefit from COJG?,cojg_employer_eligibiliity
Why is training supported by the Canada-Ontario Job Grant limited to one year in duration?,cojg_one_year_limit
How long is the the training supported by COJG?,cojg_one_year_limit
Can trainings funded by COJG last for more than one year?,cojg_one_year_limit
What's the difference between COJG and Second Career program?,cojg_one_year_limit
Who is administering the COJG?,cojg_administration
Who is the government entity managing COJG?,cojg_administration
Who is running the COJG program?,cojg_administration
What forms need to be completed throughout the COJG process?,cojg_forms
Can an employer access COJG funds more than once?,cojg_employer_more
Can I apply for COJG multiple times?,cojg_employer_more
Is there a limit to applying for COJG?,cojg_employer_more
How many times can an employer apply for COJC?,cojg_employer_more
Can a single employer have more than one training agreement running concurrently?,cojg_employer_more
Can an individual apply directly for the COJG grant?,cojg_individual_only
"Can I submit an application for COJG individually, without my employer?",cojg_individual_only
What is a training institution eligible for COJG?,cojg_eligible_institute
What training institutes are eligible to use COJG funds for?,cojg_eligible_institute
Can I use COJG for any training program?,cojg_eligible_institute
Can I pick any training institute for spend my COJG fund?,cojg_eligible_institute
Where can I find a curriculum of available COJG training?,cojg_eligible_institute
Is in-class apprenticeship training eligible under the COJG?,cojg_apprenticeship
Does In-class apprenticeship qualify for COJG?,cojg_apprenticeship
What individuals are eligible for the Canada-Ontario Job Grant?,cojg_individual_req
I'm a permanent resident living in Ontario. Can I enroll in a COJG training?,cojg_individual_req
Are individuals with 900 series SIN numbers eligible to participate in the COJG?,cojg_individual_req
"For individuals who are on Ontario Works, are they able to continue receiving their benefits if taking part in COJG?",cojg_and_ontworks
"I receive some support from Ontario Works, can I still participate in COJG? ",cojg_and_ontworks
Does COJG conflict with Ontario Works?,cojg_and_ontworks
Can I benefit from Ontario Works and COJG at the same time?,cojg_and_ontworks
Can I apply for support for more than one skills training program?,cojg_and_ontworks
What is Employment Ontario Employment Service?,eo_employment_service
What does Ontation Employement Service provide?,eo_employment_service
How do I benefit from from Ontario Employment Service?,eo_employment_service
I need to assess the skills of my employees. Is there any government entity that can help?,eo_employment_service
I want to study Nursing but I can't afford full time education. Can you help me find part-time job and training program?,eo_employment_service
What Employment Service Providers are available in Scarborough?,es_scarborough
Does Employment Service have any offices in Scarborough?,es_scarborough
I live in Scarborough. Is there any nearby Employment Service providers?,es_scarborough
My business is based out of Scarborough. What Employment Service providers are close by?,es_scarborough
Is there Employment Service providers in Scarborough to send my employees to?,es_scarborough
Is there a list of employment service providers in Scarborough?,es_scarborough
What Employment Service Providers are available in Toronto?,es_toronto
Does Employment Service have any offices in Toronto?,es_toronto
I live in Toronto. Is there any nearby Employment Service providers?,es_toronto
My business is based out of Toronto. What Employment Service providers are close by?,es_toronto
Is there Employment Service providers in Toronto to send my employees to?,es_toronto
Is there a list of employment service providers in Toronto?,es_toronto
What Employment Service Providers are available in Mississauga?,es_mississauga
Does Employment Service have any offices in Mississauga?,es_mississauga
I live in Mississauga. Is there any nearby Employment Service providers?,es_mississauga
My business is based out of Mississauga. What Employment Service providers are close by?,es_mississauga
Is there Employment Service providers in Mississauga to send my employees to?,es_mississauga
Is there a list of employment service providers in Mississauga?,es_mississauga
What Employment Service Providers are available in Brampton?,es_brampton
Does Employment Service have any offices in Brampton?,es_brampton
I live in Brampton. Is there any nearby Employment Service providers?,es_brampton
My business is based out of Brampton. What Employment Service providers are close by?,es_brampton
Is there Employment Service providers in Brampton to send my employees to?,es_brampton
Is there a list of employment service providers in Brampton?,es_brampton
What Employment Service Providers are available in Markham?,es_markham
Does Employment Service have any offices in Markham?,es_markham
I live in Markham. Is there any nearby Employment Service providers?,es_markham
My business is based out of Markham. What Employment Service providers are close by?,es_markham
Is there Employment Service providers in Markham to send my employees to?,es_markham
Is there a list of employment service providers in Markham?,es_markham
What Employment Service Providers are available in Richmond Hill?,es_richmond_hill
Does Employment Service have any offices in Richmond Hill?,es_richmond_hill
I live in Richmond Hill. Is there any nearby Employment Service providers?,es_richmond_hill
My business is based out of Richmond Hill. What Employment Service providers are close by?,es_richmond_hill
Is there Employment Service providers in Richmond Hill to send my employees to?,es_richmond_hill
Is there a list of employment service providers in Richmond Hill?,es_richmond_hill
What Employment Service Providers are available in Concord?,es_concord
Does Employment Service have any offices in Concord?,es_concord
I live in Concord. Is there any nearby Employment Service providers?,es_concord
My business is based out of Concord. What Employment Service providers are close by?,es_concord
Is there Employment Service providers in Concord to send my employees to?,es_concord
Is there a list of employment service providers in Concord?,es_concord
What Employment Service Providers are available in Aurora?,es_aurora
Does Employment Service have any offices in Aurora?,es_aurora
I live in Aurora. Is there any nearby Employment Service providers?,es_aurora
My business is based out of Aurora. What Employment Service providers are close by?,es_aurora
Is there Employment Service providers in Aurora to send my employees to?,es_aurora
Is there a list of employment service providers in Aurora?,es_aurora
What Employment Service Providers are available in Kisweck?,es_kisweck
Does Employment Service have any offices in Kisweck?,es_kisweck
I live in Kisweck. Is there any nearby Employment Service providers?,es_kisweck
My business is based out of Kisweck. What Employment Service providers are close by?,es_kisweck
Is there Employment Service providers in Kisweck to send my employees to?,es_kisweck
Is there a list of employment service providers in Kisweck?,es_kisweck
What Employment Service Providers are available in Woodbridge?,es_woodbridge
Does Employment Service have any offices in Woodbridge?,es_woodbridge
I live in Woodbridge. Is there any nearby Employment Service providers?,es_woodbridge
My business is based out of Woodbridge. What Employment Service providers are close by?,es_woodbridge
Is there Employment Service providers in Woodbridge to send my employees to?,es_woodbridge
Is there a list of employment service providers in Woodbridge?,es_woodbridge
What Employment Service Providers are available in Stouffville?,es_stouffville
Does Employment Service have any offices in Stouffville?,es_stouffville
I live in Stouffville. Is there any nearby Employment Service providers?,es_stouffville
My business is based out of Stouffville. What Employment Service providers are close by?,es_stouffville
Is there Employment Service providers in Stouffville to send my employees to?,es_stouffville
Is there a list of employment service providers in Stouffville?,es_stouffville
What Employment Service Providers are available in Newmarket?,es_newmarket
Does Employment Service have any offices in Newmarket?,es_newmarket
I live in Newmarket. Is there any nearby Employment Service providers?,es_newmarket
My business is based out of Newmarket. What Employment Service providers are close by?,es_newmarket
Is there Employment Service providers in Newmarket to send my employees to?,es_newmarket
Is there a list of employment service providers in Newmarket?,es_newmarket
What Employment Service Providers are available in Sutton West?,es_suttonwest
Does Employment Service have any offices in Sutton West?,es_suttonwest
I live in Sutton West. Is there any nearby Employment Service providers?,es_suttonwest
My business is based out of Sutton West. What Employment Service providers are close by?,es_suttonwest
Is there Employment Service providers in Sutton West to send my employees to?,es_suttonwest
Is there a list of employment service providers in Sutton West?,es_suttonwest
What Employment Service Providers are available in Voughan?,es_voughan
Does Employment Service have any offices in Voughan?,es_voughan
I live in Voughan. Is there any nearby Employment Service providers?,es_voughan
My business is based out of Voughan. What Employment Service providers are close by?,es_voughan
Is there Employment Service providers in Voughan to send my employees to?,es_voughan
Is there a list of employment service providers in Voughan?,es_voughan
What Employment Service Providers are available in Thornhill?,es_thornhill
Does Employment Service have any offices in Thornhill?,es_thornhill
I live in Thornhill. Is there any nearby Employment Service providers?,es_thornhill
My business is based out of Thornhill. What Employment Service providers are close by?,es_thornhill
Is there Employment Service providers in Thornhill to send my employees to?,es_thornhill
Is there a list of employment service providers in Thornhill?,es_thornhill
What Employment Service Providers are available in Ajax?,es_ajax
Does Employment Service have any offices in Ajax?,es_ajax
I live in Ajax. Is there any nearby Employment Service providers?,es_ajax
My business is based out of Ajax. What Employment Service providers are close by?,es_ajax
Is there Employment Service providers in Ajax to send my employees to?,es_ajax
Is there a list of employment service providers in Ajax?,es_ajax
What Employment Service Providers are available in Alexandria?,es_alexandria
Does Employment Service have any offices in Alexandria?,es_alexandria
I live in Alexandria. Is there any nearby Employment Service providers?,es_alexandria
My business is based out of Alexandria. What Employment Service providers are close by?,es_alexandria
Is there Employment Service providers in Alexandria to send my employees to?,es_alexandria
Is there a list of employment service providers in Alexandria?,es_alexandria
What Employment Service Providers are available in Alliston?,es_alliston
Does Employment Service have any offices in Alliston?,es_alliston
I live in Alliston. Is there any nearby Employment Service providers?,es_alliston
My business is based out of Alliston. What Employment Service providers are close by?,es_alliston
Is there Employment Service providers in Alliston to send my employees to?,es_alliston
Is there a list of employment service providers in Alliston?,es_alliston
What Employment Service Providers are available in Amherstbrug?,es_amherstbrug
Does Employment Service have any offices in Amherstbrug?,es_amherstbrug
I live in Amherstbrug. Is there any nearby Employment Service providers?,es_amherstbrug
My business is based out of Amherstbrug. What Employment Service providers are close by?,es_amherstbrug
Is there Employment Service providers in Amherstbrug to send my employees to?,es_amherstbrug
Is there a list of employment service providers in Amherstbrug?,es_amherstbrug
What Employment Service Providers are available in Arnprior?,es_arnprior
Does Employment Service have any offices in Arnprior?,es_arnprior
I live in Arnprior. Is there any nearby Employment Service providers?,es_arnprior
My business is based out of Arnprior. What Employment Service providers are close by?,es_arnprior
Is there Employment Service providers in Arnprior to send my employees to?,es_arnprior
Is there a list of employment service providers in Arnprior?,es_arnprior
What Employment Service Providers are available in Atikokan?,es_atikokan
Does Employment Service have any offices in Atikokan?,es_atikokan
I live in Atikokan. Is there any nearby Employment Service providers?,es_atikokan
My business is based out of Atikokan. What Employment Service providers are close by?,es_atikokan
Is there Employment Service providers in Atikokan to send my employees to?,es_atikokan
Is there a list of employment service providers in Atikokan?,es_atikokan
What Employment Service Providers are available in Aylmer?,es_aylmer
Does Employment Service have any offices in Aylmer?,es_aylmer
I live in Aylmer. Is there any nearby Employment Service providers?,es_aylmer
My business is based out of Aylmer. What Employment Service providers are close by?,es_aylmer
Is there Employment Service providers in Aylmer to send my employees to?,es_aylmer
Is there a list of employment service providers in Aylmer?,es_aylmer
What Employment Service Providers are available in Bancroft?,es_bancroft
Does Employment Service have any offices in Bancroft?,es_bancroft
I live in Bancroft. Is there any nearby Employment Service providers?,es_bancroft
My business is based out of Bancroft. What Employment Service providers are close by?,es_bancroft
Is there Employment Service providers in Bancroft to send my employees to?,es_bancroft
Is there a list of employment service providers in Bancroft?,es_bancroft
What Employment Service Providers are available in Barrys Bay?,es_barrysbay
Does Employment Service have any offices in Barrys Bay?,es_barrysbay
I live in Barrys Bay. Is there any nearby Employment Service providers?,es_barrysbay
My business is based out of Barrys Bay. What Employment Service providers are close by?,es_barrysbay
Is there Employment Service providers in Barrys Bay to send my employees to?,es_barrysbay
Is there a list of employment service providers in Barrys Bay?,es_barrysbay
What Employment Service Providers are available in Belleville?,es_belleville
Does Employment Service have any offices in Belleville?,es_belleville
I live in Belleville. Is there any nearby Employment Service providers?,es_belleville
My business is based out of Belleville. What Employment Service providers are close by?,es_belleville
Is there Employment Service providers in Belleville to send my employees to?,es_belleville
Is there a list of employment service providers in Belleville?,es_belleville
What Employment Service Providers are available in Hamilton?,es_hamilton
Does Employment Service have any offices in Hamilton?,es_hamilton
I live in Hamilton. Is there any nearby Employment Service providers?,es_hamilton
My business is based out of Hamilton. What Employment Service providers are close by?,es_hamilton
Is there Employment Service providers in Hamilton to send my employees to?,es_hamilton
Is there a list of employment service providers in Hamilton?,es_hamilton
What Employment Service Providers are available in Kanata?,es_kanata
Does Employment Service have any offices in Kanata?,es_kanata
I live in Kanata. Is there any nearby Employment Service providers?,es_kanata
My business is based out of Kanata. What Employment Service providers are close by?,es_kanata
Is there Employment Service providers in Kanata to send my employees to?,es_kanata
Is there a list of employment service providers in Kanata?,es_kanata
What Employment Service Providers are available in Kingston?,es_kingston
Does Employment Service have any offices in Kingston?,es_kingston
I live in Kingston. Is there any nearby Employment Service providers?,es_kingston
My business is based out of Kingston. What Employment Service providers are close by?,es_kingston
Is there Employment Service providers in Kingston to send my employees to?,es_kingston
Is there a list of employment service providers in Kingston?,es_kingston
What Employment Service Providers are available in Oshawa?,es_oshawa
Does Employment Service have any offices in Oshawa?,es_oshawa
I live in Oshawa. Is there any nearby Employment Service providers?,es_oshawa
My business is based out of Oshawa. What Employment Service providers are close by?,es_oshawa
Is there Employment Service providers in Oshawa to send my employees to?,es_oshawa
Is there a list of employment service providers in Oshawa?,es_oshawa
What Employment Service Providers are available in Ottawa?,es_ottawa
Does Employment Service have any offices in Ottawa?,es_ottawa
I live in Ottawa. Is there any nearby Employment Service providers?,es_ottawa
My business is based out of Ottawa. What Employment Service providers are close by?,es_ottawa
Is there Employment Service providers in Ottawa to send my employees to?,es_ottawa
Is there a list of employment service providers in Ottawa?,es_ottawa
What Employment Service Providers are available in York?,es_york
Does Employment Service have any offices in York?,es_york
I live in York. Is there any nearby Employment Service providers?,es_york
My business is based out of York. What Employment Service providers are close by?,es_york
Is there Employment Service providers in York to send my employees to?,es_york
Is there a list of employment service providers in York?,es_york
What Employment Service Providers are available in Oakville?,es_oakville
Does Employment Service have any offices in Oakville?,es_oakville
I live in Oakville. Is there any nearby Employment Service providers?,es_oakville
My business is based out of Oakville. What Employment Service providers are close by?,es_oakville
Is there Employment Service providers in Oakville to send my employees to?,es_oakville
Is there a list of employment service providers in Oakville?,es_oakville
Who's Canada's top 100 Employers?,canada_100
I want to work for the best employers in Canada. What jobs do they offer in Ontario?,canada_100
I really admire good work environment. What employers should I consider with the best work environment in Ontario?,canada_100
Is there a list of best employers in Ontario?,canada_100
What is Second Career Program?,second_career
What does Second Career Program offer?,second_career
Does Ontario government have a program called Second Career?,second_career
I'm looking to change my career. Is there a government program to support me?,second_career
I'm considering career shift. How can Ontario Government help me?,second_career
Is Second Career Program right for me?,sc_req
How do I qualify for Second Career program?,sc_req
How do I apply for the Second Career program?,sc_req
Who can enroll in the Second Career Program?,sc_req
"If I don't qualify for Second Career, what other options are available for me?",sc_other_options
I applied for Second Career and didn't get approved. What other programs I can apply for?,sc_other_options
Second Career conditions don't fully apply on my case. Is there other programs I can use?,sc_other_options
Is Second Career the only government funded program available?,sc_other_options
What's the processing time for Second Cear applications?,sc_processing_time
"If I apply now, how long will it take for my Second Career application to be processed?",sc_processing_time
How long does it usually take to process a second career application?,sc_processing_time
What's the average processing time for second career applications?,sc_processing_time
Does it take too long to know the result of my second career application?,sc_processing_time
How long should I wait before hearing back from Second Career on my application?,sc_processing_time
How does the ministry determine the amount of my financial assistance for Second Career skills training?,sc_evaluation
What factors are considered when evaluating my second career application?,sc_evaluation
What's the maximum second career fund I could optain?,sc_evaluation
Hohw do I get approved for Second Career?,sc_evaluation
Can I take a temporary job now while applying for Second Career?,sc_with_job
What if I find a job while participating in skills training funded by Second Career?,sc_with_job
Can I work part-time while attending skills training on a Second Career program?,sc_with_job
How many hours per week are Second Career participants allowed to work while in school?,sc_with_job
What is the expected demand for the plumbing trade in Ontario?,plumbing_ontario
Is plumbing a required career in Ontario?,plumbing_ontario
Should I consider Plumbing as my next career in Ontario?,plumbing_ontario
What's the prospect of Plumbing career in Ontario?,plumbing_ontario
I'd like to start a profession in HVAC. Is it a good choice in Ontario?,plumbing_ontario
Is Electrician a needed skill in Mississauga?,electrician_mississauga
I'm considering electrician career and I live in Mississauga. Is this a good choice?,electrician_mississauga
"Is Ontario, mainly Mississauga, looking for Electricians?",electrician_mississauga
Is Electrician a job on demand in Mississauga?,electrician_mississauga
I like Mathematics and graduating in 2019. What career options do you suggest?,math_future