most_required_jobs,What are the most required jobs in Ontario?
canada_ont_job_grant,What is the Canada-Ontario Job Grant?
cojg_training,What kind of training will be covered by the Canada-Ontario Job grant?
cojg_funding,How much funding is an employer eligible to receive through COJG?
cojg_apply,How can I apply for a Cana-Ontario Job Grant?
cojg_employer_role,What kind of role do employers have in the Canada-Ontario Job Grant?
cojg_employer_eligibiliity,Which employers are eligible for the Canada-Ontario Job Grant?
cojg_one_year_limit,How long is the the training supported by COJG?
cojg_administration,Who is administering the COJG?
cojg_forms,What forms need to be completed throughout the COJG process?
cojg_employer_more,Can an employer access COJG funds more than once?
cojg_individual_only,Can an individual apply directly for the COJG grant?
cojg_eligible_institute,What is a training institution eligible for COJG?
cojg_apprenticeship,Is in-class apprenticeship training eligible under the COJG?
cojg_individual_req,What individuals are eligible for the Canada-Ontario Job Grant?
cojg_and_ontworks,"For individuals who are on Ontario Works, are they able to continue receiving their benefits if taking part in COJG?"
eo_employment_service,What is Employment Ontario Employment Service?
canada_100,Who's Canada's top 100 Employers?
second_career,What is Second Career Program?
sc_req,Is Second Career Program right for me?
sc_other_options,"If I don't qualify for Second Career, what other options are available for me?"
sc_processing_time,What's the processing time for Second Cear applications?
sc_evaluation,How does the ministry determine the amount of my financial assistance for Second Career skills training?
sc_with_job,Can I take a temporary job now while applying for Second Career?
plumbing_ontario,What is the expected demand for the plumbing trade in Ontario?
electrician_mississauga,Is Electrician a needed skill in Mississauga?
math_future,I like Mathematics and graduating in 2019. What career options do you suggest?
es_scarborough,What Employment Service Providers are available in Scarborough?
es_toronto,What Employment Service Providers are available in Toronto?
es_mississauga,What Employment Service Providers are available in Mississauga?
es_brampton,What Employment Service Providers are available in Brampton?
es_markham,What Employment Service Providers are available in Markham?
es_richmond_hill,What Employment Service Providers are available in Richmond Hill?
es_concord,What Employment Service Providers are available in Concord?
es_aurora,What Employment Service Providers are available in Aurora?
es_kisweck,What Employment Service Providers are available in Kisweck?
es_woodbridge,What Employment Service Providers are available in Woodbridge?
es_stouffville,What Employment Service Providers are available in Stouffville?
es_newmarket,What Employment Service Providers are available in Newmarket?
es_suttonwest,What Employment Service Providers are available in Sutton West?
es_voughan,What Employment Service Providers are available in Voughan?
es_thornhill,What Employment Service Providers are available in Thornhill?
es_ajax,What Employment Service Providers are available in Ajax?
es_alexandria,What Employment Service Providers are available in Alexandria?
es_alliston,What Employment Service Providers are available in Alliston?
es_amherstbrug,What Employment Service Providers are available in Amherstbrug?
es_arnprior,What Employment Service Providers are available in Arnprior?
es_atikokan,What Employment Service Providers are available in Atikokan?
es_aylmer,What Employment Service Providers are available in Aylmer?
es_bancroft,What Employment Service Providers are available in Bancroft?
es_barrysbay,What Employment Service Providers are available in Barrys Bay?
es_belleville,What Employment Service Providers are available in Belleville?
es_hamilton,What Employment Service Providers are available in Hamilton?
es_kanata,What Employment Service Providers are available in Kanata?
es_kingston,What Employment Service Providers are available in Kingston?
es_oshawa,What Employment Service Providers are available in Oshawa?
es_ottawa,What Employment Service Providers are available in Ottawa?
es_york,What Employment Service Providers are available in York?
es_oakville,What Employment Service Providers are available in Oakville?